{
  "colors": {
    "default": {
      "theme_color": {
        "primary": "#FE6019",
        "secondary": "#FEE140",
        "body": "#fafafa",
        "border": "#EBEBEB",
        "theme_light": "#E5E5E5",
        "theme_dark": "#1a202c"
      },
      "text_color": {
        "default": "#888888",
        "dark": "#222",
        "light": "#ceced0"
      }
    }
  },

  "fonts": {
    "font_family": {
      "primary": "Poppins:wght@400;500;600;700",
      "primary_type": "sans-serif",
      "secondary": "Merriweather:wght@700;900",
      "secondary_type": "sans-serif"
    },
    "font_size": {
      "base": "16",
      "scale": "1.24571"
    }
  }
}
